Categorie,Sous-categorie,Code,Nom du Produit,Prix
PRODUITS POILIMIK,POLISSAGE PRODUITS,ACHATMATER,ACHAT MATÉRIAUX,$0.00
PRODUITS POILIMIK,POLISSAGE PRODUITS,ALUBUFF,ALU BUFF,$20.99
PRODUITS POILIMIK,POLISSAGE PRODUITS,BARBRUNE,BARRE BRUNE,$19.99
PRODUITS POILIMIK,POLISSAGE PRODUITS,BARMUAVE,BARRE MAUVE,$38.99
PRODUITS POILIMIK,POLISSAGE PRODUITS,BARULTRAV,BARRE ULTRA VERTE,$0.00
PRODUITS POILIMIK,POLISSAGE PRODUITS,BARVERTE,BARRE VERTE,$29.99
PRODUITS POILIMIK,POLISSAGE PRODUITS,ELBOW47,ELBOW 47,$37.99
PRODUITS POILIMIK,POLISSAGE PRODUITS,ELBOW90,ELBOW 90,$48.99
PRODUITS POILIMIK,POLISSAGE PRODUITS,MAD,MAD,$109.99
PRODUITS POILIMIK,POLISSAGE PRODUITS,MEULEBLANC,MEULE BLANCHE,$38.99
PRODUITS POILIMIK,POLISSAGE PRODUITS,MEULEJAUNE,MEULE JAUNE,$36.99
PRODUITS POILIMIK,POLISSAGE PRODUITS,MEULEORANG,MEULE ORANGE,$36.99
PRODUITS POILIMIK,POLISSAGE PRODUITS,MEULEROSE,MEULE ROSE,$28.99
PRODUITS POILIMIK,POLISSAGE PRODUITS,MEULEROUGE,MEULE ROUGE,$34.99
PRODUITS POILIMIK,POLISSAGE PRODUITS,MEULESCOT8,MEULE SCOTCHBRITE 8 POUCES,$65.99
PRODUITS POILIMIK,POLISSAGE PRODUITS,MEULEVERTE,MEULE VERTE,$36.99
PRODUITS POILIMIK,POLISSAGE PRODUITS,PADABRBLAN,PAD ABRASIF BLANC,$2.49
PRODUITS POILIMIK,POLISSAGE PRODUITS,PAPSABLE,PAPIERS SABLÉ,$0.70
PRODUITS POILIMIK,POLISSAGE PRODUITS,PIECUSE,PIECES UTILISÉES,$0.00
PRODUITS POILIMIK,POLISSAGE PRODUITS,PIPEDREAM,PIPE DREAM,$45.99
PRODUITS POILIMIK,POLISSAGE PRODUITS,POLISTRAIL,POLISSAGE TRAILER,$0.00
PRODUITS POILIMIK,POLISSAGE PRODUITS,RENEGRED,RENEGADE RED POLISH,$59.99
PRODUITS POILIMIK,POLISSAGE PRODUITS,SANIBIO5GAL,SANIBIO 5 GALLONS,$99.99
PRODUITS POILIMIK,POLISSAGE PRODUITS,TINER5GAL,TINER 5 GALLONS,$79.99
PRODUITS POILIMIK,POLISSAGE PRODUITS,TUBE4,TUBE 4’’,$1.79
PRODUITS POILIMIK,SERVICE POLIMIK REVENTE,CONT40,CONTAINEUR 40 PIEDS,$0.00
PRODUITS POILIMIK,POLISSAGE PRODUITS,MICROFIBRE,MICROFIBRE,$0.00
ESTHETICA SPA REVENTE,ELLA PERFECT,DEMAQUILLANTCILS,DÉMAQUILLANT CILS,$31.00
ESTHETICA SPA REVENTE,ELLA PERFECT,EAUTOMDEMAQ,EAU TOMATE DÉMAQUILLANTE,$42.00
ESTHETICA SPA REVENTE,ELLA PERFECT,GELEETOMEXFOL,GELÉE TOMATE EXFOLIANTE,$52.00
ESTHETICA SPA REVENTE,ELLA PERFECT,HUILETOMDEMAQ,HUILE TOMATE DÉMAQUILLANTE,$53.00
ESTHETICA SPA REVENTE,ELLA PERFECT,LAITTOMDEMAQ,LAIT TOMATE DÉMAQUILLANTE,$42.00
ESTHETICA SPA REVENTE,ELLA PERFECT,MICROEXFTOM,MICRO-EXFOLIANT TOMATE SANS GRAINS,$52.00
ESTHETICA SPA REVENTE,ELLA PERFECT,MOUSSETOMNETTOY,MOUSSELINE TOMATE NETTOYANTE,$45.00
ESTHETICA SPA REVENTE,ELLA PERFECT,PAINTOMNETTOY,PAIN DE CRÈME TOMATE NETTOYANT,$28.00
ESTHETICA SPA REVENTE,ELLA PERFECT,TONIQUE TOMATE ÉCLAT,TONIQUE TOMATE ÉCLAT,$42.00
ESTHETICA SPA REVENTE,ELLA PERFECT,TONIQUETOMECLAT,TONIQUE TOMATE ÉCLAT,$42.00
ESTHETICA SPA REVENTE,GREEN FILLER,CREMEMICROCOMB,CRÈME MICRO-COMBLANTE,$109.00
ESTHETICA SPA REVENTE,GREEN FILLER,CREMLEGMICROCO,CRÈME LÉGÈRE MICRO-COMBLANTE,$109.00
ESTHETICA SPA REVENTE,GREEN FILLER,MASQUESPIRELIS,MASQUE SPIRULINE LISSANT,$36.50
ESTHETICA SPA REVENTE,GREEN FILLER,SERUM MICRO-COMBLANT,SERUM MICRO-COMBLANT,$119.00
ESTHETICA SPA REVENTE,GREEN FILLER,SERUMMICROCOMB,SERUM MICRO-COMBLANT,$119.00
ESTHETICA SPA REVENTE,GREEN FILLER,SOIN CURE 7 JOURS,SOIN CURE 7 JOURS,$59.00
ESTHETICA SPA REVENTE,GREEN FILLER,SOINCURESEPT,SOIN CURE 7 JOURS,$59.00
ESTHETICA SPA REVENTE,HYDRA REPULP,BAUMELEVRESSOS,BAUME LÈVRES SOS,$34.00
ESTHETICA SPA REVENTE,HYDRA REPULP,CREMASQHYALHYDR,CRÈME-MASQUE HYALURONIC HYDRATANTE,$85.00
ESTHETICA SPA REVENTE,HYDRA REPULP,GELEHYALHYDRAT,GELÉE HYALURONIC HYDRATANTE,$59.00
ESTHETICA SPA REVENTE,HYDRA REPULP,REGARDMAGINTE,REGARD MAGISTRAL INTEX,$20.50
ESTHETICA SPA REVENTE,HYDRA REPULP,SOINDNUITHYDRA,SOIN NUIT HYDRA-REPULPANT,$89.00
ESTHETICA SPA REVENTE,MAKEUP SOIN,CCCVEGETALE,LA CC CRÈME VÉGÉTALE,$65.00
ESTHETICA SPA REVENTE,MAKEUP SOIN,LEAUDSOLEIL,L’EAU DE SOLEIL,$65.00
ESTHETICA SPA REVENTE,MORPHOSTRUCTURE,CREMASQMAGREJUV,CRÈME-MASQUE MAGISTRALE REJUVENIUM,$79.00
ESTHETICA SPA REVENTE,MORPHOSTRUCTURE,CREMMAGMATRILEX,CRÈME MAGISTRALE MATRILEX,$135.00
ESTHETICA SPA REVENTE,MORPHOSTRUCTURE,SERUMMAGVLIFT,SÉRUM MAGISTRAL V-LIFTEX,$109.00
ESTHETICA SPA REVENTE,NUTRI-ACTION,CREMEINTEXULTRA,CRÈME INTEX NUTRITION ULTRA RICHE,$59.00
ESTHETICA SPA REVENTE,NUTRI-ACTION,CREMEJOJOBANUTR,CRÈME JOJOBA NUTRITION FINE,$79.00
ESTHETICA SPA REVENTE,NUTRI-ACTION,CREMEROYALENUTR,CRÈME ROYALE NUTRITION RICHE,$79.00
ESTHETICA SPA REVENTE,NUTRI-ACTION,CREREGARDSUBLIM,CRÈME REGARD SUBLIMATRICE,$90.00
ESTHETICA SPA REVENTE,PUR AROMATICS,CORRECTPUREFOC,CORRECTEUR PURE FOCUS,$40.00
ESTHETICA SPA REVENTE,PUR AROMATICS,CREMEDETOXHYDRA,CRÈME DÉTOX HYDRA-MATIFIANTE,$79.00
ESTHETICA SPA REVENTE,PUR AROMATICS,EXFOLZONEDESIN,EXFOLIANT ZONE-T DÉSINCRUSTANT,$52.00
ESTHETICA SPA REVENTE,PUR AROMATICS,MASQUEEXTRAPUR,MASQUE EXTRA PURIFIANT,$26.00
ESTHETICA SPA REVENTE,PUR AROMATICS,SERUMMAGSEBATICS,SÉRUM MAGISTRAL SÉBATICS,$85.00
ESTHETICA SPA REVENTE,SENSIBEAUTICS,CREMEMAGDSENSIS,CRÈME MAGISTRALE D-SENSIS,$89.00
ESTHETICA SPA REVENTE,SENSIBEAUTICS,SERUMMAGREDFOC,SÉRUM MAGISTRAL RED FOCUS,$95.00
ESTHETICA SPA REVENTE,SKINISSIME,CREMREDENSISUB,CRÈME REDENSIFIANTE SUBLIMATRICE,$139.00
ESTHETICA SPA REVENTE,SKINISSIME,CRETOTLIFTREGE,CRÈME NUIT TOTAL-LIFT RÉGÉNÉRANTE,$139.00
ESTHETICA SPA REVENTE,TOMATE GLOW,CREMELEGERENOV,CRÈME LÉGÈRE RÉNOVATRICE ÉCLAT,$95.00
ESTHETICA SPA REVENTE,TOMATE GLOW,CREMETOMORIGIN,CRÈME TOMATE L’ORIGINALE,$95.00
ESTHETICA SPA REVENTE,TOMATE GLOW,CRETINTERENOV,CRÈME TEINTÉE RÉNOVATRICE ÉCLAT,$65.00
ESTHETICA SPA REVENTE,TOMATE GLOW,ESSENCEMICROPEL,ESSENCE MICRO-PEELING,$65.00
ESTHETICA SPA REVENTE,TOMATE GLOW,MASQUEEFFMICROP,MASQUE EFFERVESCENT MICRO-PEELING,$25.00
ESTHETICA SPA REVENTE,TOMATE GLOW,SOINDNUITMICROP,SOIN NUIT MICRO-PEELING,$105.00
ESTHETICA SPA REVENTE,TOMATE GLOW,SUPSERUMMICROPE,SUPER SÉRUM MICRO-PEELING,$109.00
ESTHETICA SPA REVENTE,ELLA PERFECT,DEMAQUILLANTCILS,DÉMAQUILLANT CILS,$31.00
ESTHETICA SPA REVENTE,ELLA PERFECT,EAUTOMDEMAQ,EAU TOMATE DÉMAQUILLANTE,$42.00
ESTHETICA SPA REVENTE,ELLA PERFECT,GELEETOMEXFOL,GELÉE TOMATE EXFOLIANTE,$52.00
ESTHETICA SPA REVENTE,ELLA PERFECT,HUILETOMDEMAQ,HUILE TOMATE DÉMAQUILLANTE,$53.00
ESTHETICA SPA REVENTE,ELLA PERFECT,LAITTOMDEMAQ,LAIT TOMATE DÉMAQUILLANTE,$42.00
ESTHETICA SPA REVENTE,ELLA PERFECT,MICROEXFTOM,MICRO-EXFOLIANT TOMATE SANS GRAINS,$52.00
ESTHETICA SPA REVENTE,ELLA PERFECT,MOUSSETOMNETTOY,MOUSSELINE TOMATE NETTOYANTE,$45.00
ESTHETICA SPA REVENTE,ELLA PERFECT,PAINTOMNETTOY,PAIN DE CRÈME TOMATE NETTOYANT,$28.00
ESTHETICA SPA REVENTE,ELLA PERFECT,TONIQUE TOMATE ÉCLAT,TONIQUE TOMATE ÉCLAT,$42.00
ESTHETICA SPA REVENTE,ELLA PERFECT,TONIQUETOMECLAT,TONIQUE TOMATE ÉCLAT,$42.00
ESTHETICA SPA REVENTE,GREEN FILLER,CREMEMICROCOMB,CRÈME MICRO-COMBLANTE,$109.00
ESTHETICA SPA REVENTE,GREEN FILLER,CREMLEGMICROCO,CRÈME LÉGÈRE MICRO-COMBLANTE,$109.00
ESTHETICA SPA REVENTE,GREEN FILLER,MASQUESPIRELIS,MASQUE SPIRULINE LISSANT,$36.50
ESTHETICA SPA REVENTE,GREEN FILLER,SERUM MICRO-COMBLANT,SERUM MICRO-COMBLANT,$119.00
ESTHETICA SPA REVENTE,GREEN FILLER,SERUMMICROCOMB,SERUM MICRO-COMBLANT,$119.00
ESTHETICA SPA REVENTE,GREEN FILLER,SOIN CURE 7 JOURS,SOIN CURE 7 JOURS,$59.00
ESTHETICA SPA REVENTE,GREEN FILLER,SOINCURESEPT,SOIN CURE 7 JOURS,$59.00
ESTHETICA SPA REVENTE,HYDRA REPULP,BAUMELEVRESSOS,BAUME LÈVRES SOS,$34.00
ESTHETICA SPA REVENTE,HYDRA REPULP,CREMASQHYALHYDR,CRÈME-MASQUE HYALURONIC HYDRATANTE,$85.00
ESTHETICA SPA REVENTE,HYDRA REPULP,GELEHYALHYDRAT,GELÉE HYALURONIC HYDRATANTE,$59.00
ESTHETICA SPA REVENTE,HYDRA REPULP,REGARDMAGINTE,REGARD MAGISTRAL INTEX,$20.50
ESTHETICA SPA REVENTE,HYDRA REPULP,SOINDNUITHYDRA,SOIN NUIT HYDRA-REPULPANT,$89.00
ESTHETICA SPA REVENTE,MAKEUP SOIN,CCCVEGETALE,LA CC CRÈME VÉGÉTALE,$65.00
ESTHETICA SPA REVENTE,MAKEUP SOIN,LEAUDSOLEIL,L’EAU DE SOLEIL,$65.00
ESTHETICA SPA REVENTE,MORPHOSTRUCTURE,CREMASQMAGREJUV,CRÈME-MASQUE MAGISTRALE REJUVENIUM,$79.00
ESTHETICA SPA REVENTE,MORPHOSTRUCTURE,CREMMAGMATRILEX,CRÈME MAGISTRALE MATRILEX,$135.00
ESTHETICA SPA REVENTE,MORPHOSTRUCTURE,SERUMMAGVLIFT,SÉRUM MAGISTRAL V-LIFTEX,$109.00
ESTHETICA SPA REVENTE,NUTRI-ACTION,CREMEINTEXULTRA,CRÈME INTEX NUTRITION ULTRA RICHE,$59.00
ESTHETICA SPA REVENTE,NUTRI-ACTION,CREMEJOJOBANUTR,CRÈME JOJOBA NUTRITION FINE,$79.00
ESTHETICA SPA REVENTE,NUTRI-ACTION,CREMEROYALENUTR,CRÈME ROYALE NUTRITION RICHE,$79.00
ESTHETICA SPA REVENTE,NUTRI-ACTION,CREREGARDSUBLIM,CRÈME REGARD SUBLIMATRICE,$90.00
ESTHETICA SPA REVENTE,PUR AROMATICS,CORRECTPUREFOC,CORRECTEUR PURE FOCUS,$40.00
ESTHETICA SPA REVENTE,PUR AROMATICS,CREMEDETOXHYDRA,CRÈME DÉTOX HYDRA-MATIFIANTE,$79.00
ESTHETICA SPA REVENTE,PUR AROMATICS,EXFOLZONEDESIN,EXFOLIANT ZONE-T DÉSINCRUSTANT,$52.00
ESTHETICA SPA REVENTE,PUR AROMATICS,MASQUEEXTRAPUR,MASQUE EXTRA PURIFIANT,$26.00
ESTHETICA SPA REVENTE,PUR AROMATICS,SERUMMAGSEBATICS,SÉRUM MAGISTRAL SÉBATICS,$85.00
ESTHETICA SPA REVENTE,SENSIBEAUTICS,CREMEMAGDSENSIS,CRÈME MAGISTRALE D-SENSIS,$89.00
ESTHETICA SPA REVENTE,SENSIBEAUTICS,SERUMMAGREDFOC,SÉRUM MAGISTRAL RED FOCUS,$95.00
ESTHETICA SPA REVENTE,SKINISSIME,CREMREDENSISUB,CRÈME REDENSIFIANTE SUBLIMATRICE,$139.00
ESTHETICA SPA REVENTE,SKINISSIME,CRETOTLIFTREGE,CRÈME NUIT TOTAL-LIFT RÉGÉNÉRANTE,$139.00
ESTHETICA SPA REVENTE,TOMATE GLOW,CREMELEGERENOV,CRÈME LÉGÈRE RÉNOVATRICE ÉCLAT,$95.00
ESTHETICA SPA REVENTE,TOMATE GLOW,CREMETOMORIGIN,CRÈME TOMATE L’ORIGINALE,$95.00
ESTHETICA SPA REVENTE,TOMATE GLOW,CRETINTERENOV,CRÈME TEINTÉE RÉNOVATRICE ÉCLAT,$65.00
ESTHETICA SPA REVENTE,TOMATE GLOW,ESSENCEMICROPEL,ESSENCE MICRO-PEELING,$65.00
ESTHETICA SPA REVENTE,TOMATE GLOW,MASQUEEFFMICROP,MASQUE EFFERVESCENT MICRO-PEELING,$25.00
ESTHETICA SPA REVENTE,TOMATE GLOW,SOINDNUITMICROP,SOIN NUIT MICRO-PEELING,$105.00
ESTHETICA SPA REVENTE,TOMATE GLOW,SUPSERUMMICROPE,SUPER SÉRUM MICRO-PEELING,$109.00